Metadata_Well	Metadata_Site	Metadata_number_of_singlecells	Metadata_genotype	UMAP0	UMAP1
A1	1	46	WT	14.482246	3.364084
A1	1	46	WT	15.76794	3.3972723
A1	1	46	WT	15.674958	4.1242957
A1	2	46	WT	16.665812	3.5868716
A1	2	46	WT	16.731966	3.1261454
A1	2	46	WT	16.599678	3.0945363
A1	2	46	WT	11.487793	1.7314297
A1	2	46	WT	16.197744	4.1677756
A1	3	46	WT	17.851397	3.8192017
A1	3	46	WT	17.062405	3.7685673
A1	3	46	WT	15.232764	4.2897944
A1	3	46	WT	16.556307	2.3098772
A1	3	46	WT	15.497525	4.6328073
A1	4	46	WT	15.321298	1.6486981
A1	4	46	WT	15.716899	3.335201
A1	4	46	WT	17.785646	3.8234377
A1	4	46	WT	16.458218	2.3783844
A1	4	46	WT	15.669325	2.9797363
A1	1	46	WT	16.489456	3.0499787
A1	1	46	WT	14.28688	2.8098354
A1	2	46	WT	15.558851	3.7434824
A1	2	46	WT	15.928089	3.6879373
A1	3	46	WT	16.923399	4.255924
A1	3	46	WT	16.461142	4.4730406
A1	3	46	WT	16.957092	4.063938
A1	3	46	WT	17.872543	3.8093088
A1	4	46	WT	15.132436	5.202645
A1	4	46	WT	16.25512	1.4880371
A1	4	46	WT	16.657635	2.8210492
A1	2	46	WT	15.293234	4.352497
A1	3	46	WT	16.954977	3.7092113
A1	4	46	WT	16.880629	2.9302766
A1	1	46	WT	15.685214	5.4604807
A1	1	46	WT	16.3915	1.5928707
A1	1	46	WT	12.097226	5.0707493
A1	1	46	WT	14.749562	5.951415
A1	2	46	WT	16.770529	2.8140094
A1	2	46	WT	16.81223	3.2901423
A1	4	46	WT	15.124713	4.3067636
A1	4	46	WT	15.348957	2.9385467
A1	4	46	WT	16.648762	2.6586325
A1	1	46	WT	15.978566	4.2558064
A1	4	46	WT	15.0249	3.745757
A1	1	46	WT	16.263704	3.9233804
A1	2	46	WT	16.532907	3.122669
A1	3	46	WT	15.817551	5.1615562
A6	2	53	WT	14.0068445	4.989153
A6	2	53	WT	16.621962	2.942643
A6	2	53	WT	14.707895	4.9380617
A6	2	53	WT	16.222763	2.5167718
A6	2	53	WT	16.6742	4.051117
A6	2	53	WT	15.363169	2.444445
A6	2	53	WT	16.3192	4.591578
A6	2	53	WT	15.217037	2.602265
A6	3	53	WT	13.642146	5.963728
A6	3	53	WT	14.597792	1.6082447
A6	3	53	WT	10.924694	2.1914432
A6	3	53	WT	13.963189	5.4277277
A6	3	53	WT	13.365176	1.5246118
A6	3	53	WT	15.621347	3.3272622
A6	3	53	WT	16.084303	2.2391984
A6	3	53	WT	15.725933	3.2280903
A6	3	53	WT	15.4382515	5.86963
A6	3	53	WT	14.4845295	5.091356
A6	3	53	WT	14.197126	3.5018768
A6	4	53	WT	13.591278	3.5835588
A6	4	53	WT	13.733877	2.5887296
A6	4	53	WT	15.235227	2.1957002
A6	4	53	WT	14.924785	1.9908702
A6	4	53	WT	16.491205	2.2968009
A6	4	53	WT	15.808827	1.5012414
A6	4	53	WT	15.502672	2.1837144
A6	4	53	WT	15.443172	1.6793565
A6	4	53	WT	15.19512	2.2149127
A6	4	53	WT	10.612811	3.3192563
A6	2	53	WT	14.518646	2.6114635
A6	2	53	WT	16.14933	3.400069
A6	3	53	WT	13.992448	4.1338673
A6	3	53	WT	15.390529	2.6807806
A6	3	53	WT	9.293048	3.474926
A6	1	53	WT	16.065414	3.0579937
A6	1	53	WT	16.554934	1.7779447
A6	1	53	WT	15.819363	4.307802
A6	1	53	WT	15.99432	4.4528847
A6	3	53	WT	13.7627945	5.941512
A6	3	53	WT	13.619427	3.4706688
A6	3	53	WT	9.864079	2.6587813
A6	3	53	WT	14.102124	5.4411855
A6	3	53	WT	9.048627	3.7813442
A6	4	53	WT	15.078212	1.837589
A6	4	53	WT	13.506997	4.430513
A6	4	53	WT	14.254244	5.0105877
A6	1	53	WT	9.05262	3.8198721
A6	1	53	WT	15.4243765	3.7066302
A6	2	53	WT	17.786358	3.8494267
A6	1	53	WT	16.830393	3.2347677
A6	1	53	WT	15.992144	4.066773
A6	3	53	WT	13.648783	1.4813828
A6	2	53	WT	15.391155	3.2319334
A7	1	54	Null	14.768335	1.6052843
A7	1	54	Null	9.742294	2.3618538
A7	1	54	Null	14.60047	2.1924307
A7	1	54	Null	13.794801	1.1631068
A7	1	54	Null	14.606021	1.8513415
A7	1	54	Null	9.034174	3.4833844
A7	1	54	Null	11.912036	5.3307304
A7	3	54	Null	16.37226	4.824519
A7	3	54	Null	14.42793	5.028087
A7	3	54	Null	14.8699045	2.3983486
A7	3	54	Null	10.291566	3.4754763
A7	3	54	Null	12.376644	2.6092954
A7	4	54	Null	13.521545	1.7967279
A7	4	54	Null	15.609715	1.2512183
A7	4	54	Null	15.049206	1.3274877
A7	4	54	Null	9.523045	2.6116562
A7	1	54	Null	14.703966	2.7944288
A7	1	54	Null	13.757574	4.91961
A7	3	54	Null	14.816874	5.1491256
A7	3	54	Null	13.553207	1.5744963
A7	3	54	Null	16.567972	2.7149072
A7	3	54	Null	12.936207	1.6603042
A7	4	54	Null	11.965331	1.9402957
A7	4	54	Null	14.697917	3.8181632
A7	4	54	Null	16.321198	2.374333
A7	1	54	Null	16.187674	4.532555
A7	1	54	Null	13.427388	1.5304536
A7	1	54	Null	14.457171	3.5451758
A7	3	54	Null	14.865375	2.584733
A7	3	54	Null	13.427607	4.03541
A7	3	54	Null	15.366351	4.0100307
A7	4	54	Null	15.153132	4.104647
A7	4	54	Null	15.374024	2.6841898
A7	4	54	Null	14.094261	2.1554346
A7	4	54	Null	15.607378	1.443452
A7	1	54	Null	12.251582	3.7110298
A7	4	54	Null	13.508642	1.8176408
A7	1	54	Null	13.29924	4.6683855
A7	4	54	Null	9.534719	2.7682858
A7	1	54	Null	9.376432	2.4952643
A7	1	54	Null	13.938861	2.2537436
A7	2	54	Null	11.327802	2.5508313
A7	2	54	Null	10.784043	2.6177204
A7	2	54	Null	11.9150305	3.4189157
A7	2	54	Null	15.70091	2.8320312
A7	2	54	Null	13.484816	4.918544
A7	2	54	Null	11.747957	5.1385803
A7	2	54	Null	12.043253	2.8708212
A7	2	54	Null	13.190617	1.8506311
A7	2	54	Null	11.419554	2.469175
A7	2	54	Null	16.494415	1.8514832
A7	2	54	Null	9.208986	3.5213127
A7	2	54	Null	9.425352	2.5752387
A7	2	54	Null	13.472024	3.7189245
A12	1	44	Null	16.458536	5.2545023
A12	1	44	Null	14.21434	2.6549354
A12	1	44	Null	15.333141	1.7125535
A12	1	44	Null	14.900796	5.3785853
A12	1	44	Null	15.97633	2.1239767
A12	2	44	Null	15.29202	1.9855211
A12	2	44	Null	14.793	2.341317
A12	2	44	Null	15.242643	4.4414425
A12	2	44	Null	14.764694	2.2438924
A12	3	44	Null	16.289146	4.6400304
A12	3	44	Null	17.87664	3.8178508
A12	3	44	Null	13.38528	1.9171649
A12	3	44	Null	16.638153	4.1239347
A12	4	44	Null	16.147762	2.9473403
A12	1	44	Null	16.582989	5.321573
A12	2	44	Null	14.77293	4.1789155
A12	3	44	Null	16.20513	2.995867
A12	3	44	Null	13.660786	1.2876929
A12	3	44	Null	14.427532	4.4551225
A12	4	44	Null	16.313705	4.5218234
A12	4	44	Null	14.25266	2.4803996
A12	4	44	Null	15.884725	3.7855914
A12	4	44	Null	15.761629	2.9961865
A12	2	44	Null	9.438796	2.5011292
A12	1	44	Null	16.799522	2.8930345
A12	1	44	Null	16.462902	5.229667
A12	1	44	Null	15.095931	5.3861914
A12	2	44	Null	15.880178	1.7083036
A12	2	44	Null	9.544903	2.4402585
A12	2	44	Null	9.722558	2.7531745
A12	2	44	Null	16.052092	1.6173078
A12	2	44	Null	15.3204	2.1497679
A12	2	44	Null	9.381798	2.763811
A12	3	44	Null	15.449311	1.3676965
A12	4	44	Null	16.796467	4.2847233
A12	4	44	Null	14.201099	2.0089688
A12	4	44	Null	15.836314	3.027056
A12	2	44	Null	10.319704	3.1310008
A12	4	44	Null	15.742687	2.0242183
A12	4	44	Null	13.333496	2.6041815
A12	3	44	Null	12.684242	2.3732445
A12	4	44	Null	12.631639	1.9145986
A12	4	44	Null	14.955834	3.0443506
A12	2	44	Null	9.750161	2.5762377
B1	1	53	WT	16.470102	3.9080973
B1	1	53	WT	14.661635	3.923476
B1	1	53	WT	13.6119175	5.9617896
B1	1	53	WT	16.620049	3.7256725
B1	1	53	WT	16.49289	4.3601084
B1	1	53	WT	15.831293	1.6898609
B1	1	53	WT	16.089111	3.9533532
B1	2	53	WT	13.524637	3.4366262
B1	2	53	WT	14.254557	3.4157517
B1	2	53	WT	15.891871	3.8305774
B1	2	53	WT	16.419601	4.2394857
B1	2	53	WT	16.068857	1.6715798
B1	2	53	WT	11.645232	1.8141229
B1	2	53	WT	15.075127	4.2527933
B1	3	53	WT	16.000088	4.777999
B1	3	53	WT	13.640627	5.956412
B1	3	53	WT	15.897292	1.480265
B1	3	53	WT	13.324689	2.4245124
B1	3	53	WT	11.023088	3.9088683
B1	3	53	WT	15.862576	5.3385453
B1	3	53	WT	14.392658	2.873426
B1	3	53	WT	14.589423	5.121348
B1	3	53	WT	14.148312	5.7211227
B1	4	53	WT	16.01056	1.9699016
B1	4	53	WT	15.335549	4.9157057
B1	4	53	WT	13.549727	3.9534547
B1	4	53	WT	13.72357	2.955061
B1	4	53	WT	15.163073	5.7688565
B1	4	53	WT	15.002025	2.689943
B1	1	53	WT	15.897055	2.886997
B1	1	53	WT	15.85363	3.477573
B1	1	53	WT	14.861335	2.218863
B1	2	53	WT	15.005205	2.73442
B1	2	53	WT	15.982365	1.3745531
B1	2	53	WT	12.631815	2.5624957
B1	2	53	WT	15.954429	1.80083
B1	3	53	WT	15.33988	5.317586
B1	3	53	WT	16.29472	3.983509
B1	4	53	WT	13.730032	4.2885723
B1	1	53	WT	14.89518	3.9518433
B1	1	53	WT	15.553245	3.1173778
B1	1	53	WT	16.901503	4.846403
B1	1	53	WT	15.814357	2.411744
B1	2	53	WT	12.534254	3.2704136
B1	2	53	WT	15.106812	2.068878
B1	2	53	WT	14.552617	3.1819208
B1	2	53	WT	15.881181	1.6876352
B1	3	53	WT	15.637219	2.8735433
B1	3	53	WT	14.955185	3.640532
B1	4	53	WT	16.0851	2.2688384
B1	4	53	WT	15.199922	4.2418365
B1	3	53	WT	14.105151	5.706015
B1	4	53	WT	15.590532	3.4907336
B6	1	49	WT	16.319836	4.6072745
B6	1	49	WT	15.956384	4.1482296
B6	1	49	WT	16.249374	3.2797174
B6	1	49	WT	15.919658	4.3572745
B6	1	49	WT	12.87666	1.6316439
B6	2	49	WT	14.937202	5.871613
B6	2	49	WT	15.264491	5.60939
B6	2	49	WT	15.211557	5.6286125
B6	2	49	WT	15.475841	1.7148536
B6	2	49	WT	16.529057	3.2110996
B6	2	49	WT	15.868074	4.6298237
B6	2	49	WT	12.932517	1.8218703
B6	3	49	WT	16.2774	2.5440264
B6	3	49	WT	16.74649	2.9975638
B6	3	49	WT	16.191423	4.6985874
B6	3	49	WT	14.950801	5.0147634
B6	3	49	WT	9.329038	2.5952406
B6	3	49	WT	14.621077	5.011836
B6	3	49	WT	16.679283	2.1038592
B6	4	49	WT	11.269594	2.2620342
B6	4	49	WT	10.63821	2.2856026
B6	4	49	WT	9.316445	2.5241654
B6	4	49	WT	15.268604	4.3961325
B6	4	49	WT	11.385279	2.3704417
B6	4	49	WT	16.2077	4.1901655
B6	4	49	WT	16.3686	5.077756
B6	4	49	WT	14.848818	1.9973269
B6	1	49	WT	16.283222	4.6639338
B6	1	49	WT	13.709356	4.439841
B6	1	49	WT	15.775762	4.303064
B6	2	49	WT	15.09016	5.579933
B6	3	49	WT	11.21952	4.028227
B6	3	49	WT	13.517952	4.6920557
B6	3	49	WT	13.1475725	4.235572
B6	3	49	WT	15.3311615	4.111865
B6	4	49	WT	12.899271	4.9180098
B6	4	49	WT	16.900536	4.010539
B6	4	49	WT	9.013732	3.4704316
B6	1	49	WT	16.118654	3.5791082
B6	1	49	WT	15.874028	3.5968137
B6	1	49	WT	12.23452	2.0097744
B6	3	49	WT	14.324133	4.0667605
B6	4	49	WT	11.8342905	5.3007393
B6	4	49	WT	9.261091	2.6632733
B6	4	49	WT	11.864267	5.1455593
B6	2	49	WT	13.766278	5.870479
B6	3	49	WT	14.8750925	5.625062
B6	4	49	WT	12.708616	1.868366
B6	1	49	WT	15.810117	4.49711
B7	2	60	Null	12.731613	2.544135
B7	2	60	Null	15.507907	4.0054917
B7	2	60	Null	13.51964	4.257095
B7	3	60	Null	10.934739	2.9617624
B7	3	60	Null	11.642188	2.2989366
B7	3	60	Null	11.191683	2.1245666
B7	3	60	Null	13.421718	1.8582575
B7	3	60	Null	12.4389715	2.9972494
B7	3	60	Null	15.380929	4.2367487
B7	3	60	Null	16.605553	4.9359055
B7	3	60	Null	13.296704	2.7087314
B7	3	60	Null	15.645976	4.689201
B7	3	60	Null	13.188678	2.74309
B7	3	60	Null	13.83337	2.0913253
B7	4	60	Null	11.490976	2.0330758
B7	4	60	Null	15.804649	5.2212167
B7	4	60	Null	15.677071	1.8161241
B7	4	60	Null	15.41817	5.668896
B7	4	60	Null	14.069911	1.9954246
B7	4	60	Null	13.42059	1.694754
B7	2	60	Null	15.448257	1.6388185
B7	2	60	Null	17.663858	3.6736271
B7	2	60	Null	14.242787	4.3286877
B7	3	60	Null	13.91389	2.6023161
B7	3	60	Null	13.702785	2.766143
B7	3	60	Null	12.9707155	3.3395557
B7	4	60	Null	13.568083	2.1996775
B7	4	60	Null	14.366593	5.222736
B7	4	60	Null	9.352049	2.7120528
B7	4	60	Null	14.027203	4.71997
B7	2	60	Null	13.654468	2.159165
B7	2	60	Null	11.771615	1.912837
B7	3	60	Null	14.183519	4.186881
B7	3	60	Null	14.085165	4.6476192
B7	3	60	Null	11.8717985	5.366757
B7	3	60	Null	13.261383	2.7482228
B7	3	60	Null	15.36288	5.349346
B7	4	60	Null	16.545317	1.8250695
B7	4	60	Null	9.423777	2.4021297
B7	2	60	Null	12.479269	3.0204952
B7	4	60	Null	11.814495	2.7656922
B7	2	60	Null	15.370332	2.2567532
B7	4	60	Null	16.026997	2.0435588
B7	1	60	Null	9.228979	3.4168303
B7	1	60	Null	14.0550995	4.17938
B7	1	60	Null	10.940233	3.8629532
B7	1	60	Null	12.88328	2.6423476
B7	1	60	Null	9.542502	2.3730059
B7	1	60	Null	11.497737	1.8953183
B7	1	60	Null	13.203122	2.4678824
B7	1	60	Null	11.434737	2.9993913
B7	1	60	Null	11.657094	2.4566712
B7	1	60	Null	13.345789	4.4615126
B7	1	60	Null	13.15271	2.3584228
B7	1	60	Null	12.5570755	1.6092575
B7	1	60	Null	15.897598	3.681559
B7	1	60	Null	13.527565	3.1763864
B7	1	60	Null	11.013521	3.0438275
B7	1	60	Null	9.361684	2.8834708
B7	1	60	Null	14.3232	1.8148755
B12	1	49	Null	14.315917	3.8488255
B12	1	49	Null	12.863054	2.8575978
B12	1	49	Null	11.336985	2.2080262
B12	1	49	Null	12.20108	1.7533735
B12	1	49	Null	14.429603	6.069593
B12	1	49	Null	13.194463	1.4615586
B12	1	49	Null	11.492588	1.929175
B12	1	49	Null	13.595766	2.6427355
B12	2	49	Null	15.440467	3.3831184
B12	2	49	Null	15.361836	4.0824075
B12	2	49	Null	16.499743	3.8842657
B12	2	49	Null	12.725062	2.522519
B12	2	49	Null	13.640825	4.0175676
B12	2	49	Null	15.612722	4.613149
B12	2	49	Null	15.362038	2.9772737
B12	2	49	Null	15.326292	4.8444705
B12	2	49	Null	16.446115	3.7108092
B12	2	49	Null	16.813162	4.0119276
B12	3	49	Null	15.446655	2.3647766
B12	3	49	Null	16.832628	4.5336447
B12	3	49	Null	14.159999	2.6428301
B12	3	49	Null	9.984413	2.977049
B12	3	49	Null	10.04715	2.892773
B12	3	49	Null	15.392678	2.459638
B12	3	49	Null	16.30725	2.6086571
B12	3	49	Null	12.77091	2.2953713
B12	3	49	Null	14.762162	4.8090124
B12	3	49	Null	11.564975	2.3711128
B12	4	49	Null	15.704113	4.2556953
B12	4	49	Null	16.257286	5.4099627
B12	4	49	Null	13.438013	2.2630389
B12	4	49	Null	15.220622	4.3874044
B12	4	49	Null	10.085372	2.9900258
B12	4	49	Null	9.806439	2.6234412
B12	4	49	Null	14.78482	5.535797
B12	4	49	Null	15.929441	5.7962337
B12	2	49	Null	16.861727	4.9059024
B12	4	49	Null	16.927595	4.006717
B12	1	49	Null	13.526076	4.9048767
B12	1	49	Null	12.856588	2.346006
B12	3	49	Null	10.833321	2.1841025
B12	3	49	Null	15.395984	3.1459346
B12	4	49	Null	10.732093	3.7477336
B12	1	49	Null	15.101921	4.5993295
B12	1	49	Null	13.573784	1.0173392
B12	3	49	Null	13.558693	4.263359
B12	3	49	Null	13.510489	4.992207
B12	3	49	Null	10.67068	2.4686897
B12	3	49	Null	13.419701	2.1576357
C1	1	54	WT	15.763817	4.0086975
C1	1	54	WT	16.145773	3.3687232
C1	1	54	WT	13.812571	3.031456
C1	1	54	WT	11.740003	2.7244375
C1	1	54	WT	13.965809	3.6528904
C1	2	54	WT	15.17471	5.6146774
C1	2	54	WT	15.400002	3.3604136
C1	2	54	WT	14.573919	3.0709698
C1	2	54	WT	15.112097	3.9905066
C1	3	54	WT	15.497484	3.574779
C1	3	54	WT	15.140782	4.408835
C1	3	54	WT	11.518186	1.9412547
C1	3	54	WT	12.922258	4.6630917
C1	3	54	WT	15.96355	4.796199
C1	3	54	WT	16.31432	3.901658
C1	3	54	WT	15.455398	5.1612725
C1	3	54	WT	16.201458	3.8582554
C1	3	54	WT	15.689855	5.197532
C1	4	54	WT	16.331762	5.3013225
C1	4	54	WT	15.53412	4.4290824
C1	4	54	WT	16.267063	4.83317
C1	4	54	WT	15.411533	1.8167955
C1	4	54	WT	13.373322	3.3908944
C1	4	54	WT	14.5922165	3.1778023
C1	4	54	WT	14.65407	4.3526883
C1	4	54	WT	13.742715	5.9039717
C1	4	54	WT	12.497672	3.661175
C1	4	54	WT	17.338953	3.5907114
C1	4	54	WT	12.06242	2.7408917
C1	4	54	WT	15.550642	4.701915
C1	4	54	WT	13.537587	1.7607096
C1	4	54	WT	15.058313	1.4513861
C1	4	54	WT	14.40318	3.4793549
C1	4	54	WT	12.772199	1.7676579
C1	4	54	WT	16.60772	4.9267936
C1	1	54	WT	16.374334	3.713827
C1	2	54	WT	15.416634	4.1481395
C1	2	54	WT	16.471195	4.9623566
C1	2	54	WT	15.836325	5.211119
C1	2	54	WT	14.956509	5.5753474
C1	3	54	WT	14.053795	2.8187222
C1	3	54	WT	9.805349	2.4916465
C1	3	54	WT	14.457474	5.319905
C1	1	54	WT	15.496622	5.5115485
C1	1	54	WT	16.08937	5.2506213
C1	1	54	WT	16.220823	4.3167014
C1	2	54	WT	16.012732	3.2491653
C1	2	54	WT	16.499054	3.5764167
C1	3	54	WT	15.885394	2.1460626
C1	1	54	WT	15.392097	4.6745377
C1	1	54	WT	14.33269	3.3835843
C1	2	54	WT	15.750899	3.5196953
C1	3	54	WT	9.730842	2.4442036
C1	2	54	WT	14.912157	5.947467
C6	1	35	WT	16.028526	2.7750318
C6	1	35	WT	14.973035	5.7976685
C6	1	35	WT	16.702942	2.2649493
C6	1	35	WT	15.834527	4.7421713
C6	2	35	WT	16.77535	3.377441
C6	2	35	WT	16.678862	3.7059104
C6	2	35	WT	14.0935135	4.5867205
C6	3	35	WT	11.690945	2.1379633
C6	3	35	WT	12.980938	4.2699423
C6	3	35	WT	16.622492	5.067273
C6	3	35	WT	16.302479	3.9384892
C6	3	35	WT	15.106342	5.274218
C6	3	35	WT	15.416425	4.8580914
C6	3	35	WT	9.209029	3.3962843
C6	3	35	WT	15.010364	4.054115
C6	3	35	WT	15.538287	4.834741
C6	3	35	WT	14.393003	5.5126867
C6	3	35	WT	15.016978	5.153394
C6	3	35	WT	13.800897	5.885698
C6	1	35	WT	16.01853	5.6779857
C6	1	35	WT	15.422423	2.9748724
C6	1	35	WT	15.811795	4.540551
C6	2	35	WT	12.559665	5.380721
C6	2	35	WT	15.208662	5.8464036
C6	3	35	WT	13.8060255	5.9072704
C6	2	35	WT	15.137807	5.8152184
C6	1	35	WT	14.776823	3.1229484
C6	1	35	WT	15.094758	5.8227763
C6	2	35	WT	12.739594	5.2739477
C6	3	35	WT	14.246292	5.174313
C6	3	35	WT	15.958519	1.5600258
C6	1	35	WT	14.661357	3.4900076
C6	2	35	WT	15.024948	3.9172263
C6	2	35	WT	15.84086	4.927495
C6	2	35	WT	10.605256	3.4271448
C7	1	87	Null	16.588327	4.266946
C7	1	87	Null	12.473717	2.5429804
C7	1	87	Null	15.085806	2.125719
C7	1	87	Null	16.805412	4.3610864
C7	1	87	Null	13.403362	2.3894982
C7	1	87	Null	12.916681	2.0019805
C7	1	87	Null	12.879147	4.337974
C7	1	87	Null	14.112575	2.3255265
C7	1	87	Null	12.810743	3.1366036
C7	1	87	Null	13.081256	4.010497
C7	1	87	Null	10.867542	2.3283875
C7	1	87	Null	11.399472	1.9921876
C7	1	87	Null	11.510213	3.190637
C7	1	87	Null	9.472754	2.5244734
C7	1	87	Null	10.433225	2.2306342
C7	1	87	Null	9.67712	2.5732853
C7	1	87	Null	13.571263	4.639424
C7	2	87	Null	13.58818	3.3132708
C7	2	87	Null	15.146262	4.164818
C7	2	87	Null	14.270829	3.8786426
C7	2	87	Null	16.281677	5.0984006
C7	2	87	Null	13.57634	2.672377
C7	2	87	Null	14.8466425	2.3135223
C7	2	87	Null	14.747879	3.4029274
C7	2	87	Null	15.874523	4.9081216
C7	2	87	Null	14.76484	2.7757654
C7	2	87	Null	14.304067	4.577274
C7	2	87	Null	13.321314	3.4625127
C7	2	87	Null	12.120626	3.5034366
C7	2	87	Null	10.97023	2.084954
C7	2	87	Null	13.655476	1.8205131
C7	2	87	Null	14.920061	2.7050238
C7	2	87	Null	13.276141	1.4287229
C7	3	87	Null	13.596672	4.5275903
C7	3	87	Null	10.576585	3.7411716
C7	3	87	Null	13.648012	5.8927636
C7	3	87	Null	14.071507	4.4466076
C7	3	87	Null	9.411124	2.4829943
C7	3	87	Null	11.135747	3.2506638
C7	3	87	Null	15.086745	2.041225
C7	3	87	Null	14.277106	4.1612625
C7	3	87	Null	16.080349	1.3264606
C7	3	87	Null	9.761051	2.737054
C7	3	87	Null	10.726318	2.2028332
C7	3	87	Null	11.290311	1.8290511
C7	3	87	Null	10.983479	3.55472
C7	4	87	Null	14.74911	2.3998466
C7	4	87	Null	10.008802	2.9495108
C7	4	87	Null	16.277325	1.4819926
C7	4	87	Null	13.346851	4.5046268
C7	4	87	Null	9.454135	3.3929014
C7	4	87	Null	13.212456	1.4374093
C7	4	87	Null	13.209444	3.5994327
C7	4	87	Null	13.725018	1.2354225
C7	4	87	Null	14.135356	4.007517
C7	4	87	Null	14.007979	4.9299426
C7	4	87	Null	12.010338	2.9500847
C7	1	87	Null	15.71434	1.5109186
C7	1	87	Null	9.732597	2.4605734
C7	2	87	Null	13.184159	4.098604
C7	2	87	Null	10.829727	3.1507041
C7	3	87	Null	10.149774	2.8670282
C7	3	87	Null	10.094778	3.0500548
C7	3	87	Null	14.307598	1.941371
C7	3	87	Null	11.1142025	2.0798948
C7	4	87	Null	10.223741	3.2452607
C7	4	87	Null	12.2778	3.9395335
C7	4	87	Null	9.503029	2.5439284
C7	4	87	Null	10.327016	2.7864475
C7	4	87	Null	13.622009	2.0428486
C7	4	87	Null	15.376885	1.5239491
C7	4	87	Null	13.598692	3.5806296
C7	1	87	Null	15.121012	4.6430593
C7	1	87	Null	16.049383	4.334518
C7	2	87	Null	12.980908	2.1113033
C7	2	87	Null	13.555228	3.3286824
C7	3	87	Null	13.6568575	4.7157865
C7	3	87	Null	9.346212	3.7119818
C7	3	87	Null	11.632387	2.782781
C7	3	87	Null	9.2230835	3.5471647
C7	4	87	Null	13.075712	2.9013505
C7	4	87	Null	13.636805	4.758149
C7	4	87	Null	10.955355	2.1781657
C7	4	87	Null	13.364757	4.8154397
C7	1	87	Null	12.814676	1.9559104
C7	2	87	Null	9.625069	3.8074522
C7	4	87	Null	11.315084	2.8645673
C12	1	64	Null	12.311182	2.560015
C12	1	64	Null	11.792869	2.0537035
C12	1	64	Null	14.843796	5.827331
C12	1	64	Null	15.137821	3.6598535
C12	1	64	Null	14.326415	1.9484909
C12	1	64	Null	16.289196	1.7413081
C12	1	64	Null	13.592295	1.0517352
C12	1	64	Null	16.023447	1.7685832
C12	1	64	Null	13.588355	4.639585
C12	1	64	Null	15.79055	1.4242324
C12	2	64	Null	13.209999	3.81284
C12	2	64	Null	12.064105	3.2138634
C12	2	64	Null	12.732511	3.1845305
C12	2	64	Null	12.086891	1.8915297
C12	2	64	Null	15.031262	3.5141702
C12	2	64	Null	12.497998	3.3529618
C12	2	64	Null	14.7243595	2.2991483
C12	2	64	Null	14.89559	4.0712895
C12	2	64	Null	12.735303	3.266515
C12	2	64	Null	13.73343	2.1788757
C12	2	64	Null	14.2951765	3.495192
C12	2	64	Null	15.551021	1.6099144
C12	2	64	Null	15.169488	4.947144
C12	2	64	Null	13.594103	2.564384
C12	2	64	Null	12.032147	3.2240427
C12	3	64	Null	14.882305	1.3003192
C12	3	64	Null	15.5566845	1.8700601
C12	3	64	Null	16.229328	5.0187407
C12	3	64	Null	9.754765	2.7039921
C12	3	64	Null	16.010763	5.0347934
C12	3	64	Null	15.603732	1.8250427
C12	3	64	Null	12.999442	1.5381482
C12	4	64	Null	9.59096	2.8152127
C12	4	64	Null	14.350752	2.5943918
C12	4	64	Null	16.184341	3.7129772
C12	4	64	Null	13.798279	5.1866
C12	4	64	Null	12.722304	4.361473
C12	4	64	Null	13.678895	5.204857
C12	1	64	Null	11.656726	3.1489453
C12	1	64	Null	9.898493	2.5302958
C12	2	64	Null	14.005686	2.691889
C12	2	64	Null	9.924205	2.5632422
C12	3	64	Null	9.44941	2.8319395
C12	3	64	Null	12.142409	3.9835973
C12	4	64	Null	14.813104	3.7191372
C12	4	64	Null	14.802939	2.6200397
C12	4	64	Null	14.497993	1.5027347
C12	3	64	Null	13.565838	5.028939
C12	1	64	Null	13.653966	1.7851986
C12	2	64	Null	11.898713	5.345939
C12	2	64	Null	13.679918	1.1985481
C12	2	64	Null	13.49255	1.7233143
C12	2	64	Null	8.960434	3.7809572
C12	3	64	Null	13.267547	4.7369814
C12	3	64	Null	14.646166	5.1347
C12	3	64	Null	13.497504	2.0782814
C12	3	64	Null	12.938167	1.7313031
C12	4	64	Null	15.565334	1.5433344
C12	4	64	Null	13.8743515	5.1554146
C12	4	64	Null	12.532678	3.3568218
C12	4	64	Null	15.613871	1.7110051
C12	1	64	Null	12.145631	1.7944517
C12	3	64	Null	9.38246	2.733041
C12	2	64	Null	13.102414	2.6294115
D1	1	57	WT	14.725205	4.0994773
D1	1	57	WT	14.612566	3.633612
D1	1	57	WT	11.653056	3.017776
D1	1	57	WT	14.074251	5.3666
D1	1	57	WT	16.4783	2.4301004
D1	1	57	WT	15.927661	4.2126966
D1	1	57	WT	15.126196	4.4201717
D1	1	57	WT	15.232255	4.44328
D1	1	57	WT	15.1199665	5.336744
D1	1	57	WT	14.154481	5.371314
D1	1	57	WT	14.604365	5.3527274
D1	1	57	WT	13.781307	3.8087351
D1	1	57	WT	16.522198	4.6227493
D1	1	57	WT	15.28505	5.300446
D1	1	57	WT	15.613045	4.9651833
D1	1	57	WT	14.810317	5.894872
D1	2	57	WT	13.338918	3.4168231
D1	2	57	WT	11.337546	2.9354308
D1	2	57	WT	14.34866	5.046697
D1	2	57	WT	14.867452	4.274133
D1	2	57	WT	12.4021225	1.6637777
D1	2	57	WT	16.11343	1.8604243
D1	2	57	WT	15.540164	3.1182473
D1	2	57	WT	16.556751	2.4634736
D1	2	57	WT	13.887554	5.8489337
D1	2	57	WT	16.233309	2.011181
D1	3	57	WT	16.721836	2.731107
D1	3	57	WT	15.902006	4.3338284
D1	3	57	WT	16.45212	3.0595207
D1	3	57	WT	15.951954	5.0645957
D1	3	57	WT	15.095078	5.0181656
D1	3	57	WT	15.786298	4.739909
D1	3	57	WT	16.01834	4.0199456
D1	3	57	WT	13.354676	4.0106664
D1	4	57	WT	16.049927	2.7979782
D1	4	57	WT	15.721186	4.7159305
D1	4	57	WT	14.936437	2.1412911
D1	4	57	WT	17.80168	3.8576095
D1	4	57	WT	15.846819	3.705158
D1	4	57	WT	16.615686	3.288227
D1	4	57	WT	11.381128	1.7515872
D1	4	57	WT	9.683494	2.4445841
D1	4	57	WT	15.436559	3.6570432
D1	4	57	WT	15.791971	5.2557034
D1	4	57	WT	15.629512	4.7346087
D1	1	57	WT	15.532072	5.3571076
D1	3	57	WT	15.122306	5.026946
D1	3	57	WT	15.79951	4.082637
D1	4	57	WT	15.343166	3.7879665
D1	2	57	WT	14.735294	5.661052
D1	2	57	WT	15.126665	3.355745
D1	2	57	WT	14.546853	3.2616339
D1	3	57	WT	15.776548	5.9189425
D1	3	57	WT	14.55773	2.9201074
D1	4	57	WT	17.838907	3.8410938
D1	4	57	WT	15.094497	5.6149487
D1	1	57	WT	12.568212	1.5788426
D6	1	52	WT	16.62592	3.1557326
D6	1	52	WT	13.845308	3.4830186
D6	1	52	WT	14.360451	5.675734
D6	2	52	WT	12.134401	5.3353095
D6	2	52	WT	15.468778	4.4591856
D6	2	52	WT	14.29365	3.1686745
D6	2	52	WT	13.4113455	2.1171396
D6	2	52	WT	15.250449	5.1732802
D6	2	52	WT	14.458702	3.9516292
D6	2	52	WT	15.352659	4.417661
D6	2	52	WT	15.45761	5.066246
D6	2	52	WT	14.572727	5.4791884
D6	2	52	WT	13.92824	3.4654956
D6	2	52	WT	8.945945	3.8568149
D6	2	52	WT	14.284068	4.5655093
D6	2	52	WT	13.577454	3.346992
D6	3	52	WT	13.065184	3.6320121
D6	3	52	WT	16.816568	4.860275
D6	3	52	WT	16.578243	2.1796508
D6	3	52	WT	16.318073	5.409595
D6	3	52	WT	15.118445	2.0481293
D6	3	52	WT	15.20048	2.1740165
D6	3	52	WT	11.152372	1.8533937
D6	3	52	WT	11.412888	1.7341213
D6	3	52	WT	16.382877	3.218772
D6	3	52	WT	13.190651	3.2679818
D6	3	52	WT	12.818097	4.2840886
D6	3	52	WT	17.83568	3.812477
D6	4	52	WT	15.5454445	3.4768593
D6	4	52	WT	15.093837	3.4334831
D6	4	52	WT	16.637568	4.520865
D6	4	52	WT	16.012522	3.3992264
D6	4	52	WT	9.47563	3.7074492
D6	4	52	WT	14.769454	6.02141
D6	4	52	WT	16.63346	3.4243279
D6	4	52	WT	14.623867	4.7740545
D6	4	52	WT	15.835486	3.3113673
D6	4	52	WT	15.807755	5.341074
D6	4	52	WT	14.345539	3.9273462
D6	1	52	WT	14.280385	2.2280946
D6	1	52	WT	17.853292	3.854564
D6	2	52	WT	14.862325	3.8714263
D6	4	52	WT	13.969777	3.3289683
D6	1	52	WT	15.623382	3.5290315
D6	1	52	WT	15.437499	3.7527485
D6	1	52	WT	11.515296	3.0894537
D6	2	52	WT	15.429394	3.1808374
D6	2	52	WT	16.2192	3.466746
D6	4	52	WT	13.06365	2.5931947
D6	4	52	WT	15.096577	2.1089897
D6	4	52	WT	14.46762	3.8691154
D6	4	52	WT	13.352616	3.5694773
D7	2	79	Null	13.822826	4.482618
D7	2	79	Null	12.794341	2.9702477
D7	2	79	Null	13.448032	2.9807768
D7	2	79	Null	15.757229	2.5797799
D7	2	79	Null	14.647135	5.949392
D7	2	79	Null	14.7311	5.8444
D7	2	79	Null	14.588438	5.3781857
D7	2	79	Null	15.256308	5.1749773
D7	2	79	Null	12.723671	4.133398
D7	2	79	Null	13.900541	3.0910034
D7	2	79	Null	9.476647	3.735844
D7	2	79	Null	13.173874	3.2098343
D7	2	79	Null	10.8365135	3.374542
D7	2	79	Null	11.181271	1.9345852
D7	3	79	Null	14.015008	1.3948978
D7	3	79	Null	12.859199	2.9987917
D7	3	79	Null	14.746981	4.542
D7	3	79	Null	11.296602	2.8759456
D7	3	79	Null	13.46809	1.6972848
D7	3	79	Null	16.100498	4.041083
D7	3	79	Null	14.37188	4.3401318
D7	3	79	Null	14.345681	4.567534
D7	3	79	Null	14.1821	3.1485078
D7	3	79	Null	13.9568	3.631547
D7	3	79	Null	13.911551	2.8676982
D7	3	79	Null	13.28687	2.8057973
D7	4	79	Null	13.319795	1.5658674
D7	4	79	Null	11.133823	2.5551517
D7	4	79	Null	15.071428	3.3318956
D7	4	79	Null	13.1731415	2.7447214
D7	4	79	Null	14.6675	3.6195276
D7	4	79	Null	14.648368	2.994149
D7	4	79	Null	12.585556	3.4088686
D7	4	79	Null	13.973282	4.6903024
D7	4	79	Null	14.415745	1.8444527
D7	4	79	Null	10.966202	3.1154273
D7	4	79	Null	14.669979	3.8651624
D7	2	79	Null	14.791924	5.622891
D7	3	79	Null	13.710962	2.529147
D7	4	79	Null	14.299055	4.673115
D7	4	79	Null	13.435535	3.8241005
D7	4	79	Null	14.538819	3.0217648
D7	2	79	Null	14.163378	2.916696
D7	3	79	Null	11.088268	2.0135899
D7	3	79	Null	14.761177	1.9655484
D7	3	79	Null	9.713294	2.7836447
D7	3	79	Null	11.190225	3.9986558
D7	4	79	Null	13.973423	3.0890224
D7	4	79	Null	14.2397	2.755636
D7	4	79	Null	14.421697	3.8693306
D7	4	79	Null	11.292897	2.7306345
D7	3	79	Null	12.784381	2.0960157
D7	4	79	Null	13.106371	1.6781968
D7	4	79	Null	11.4730425	2.517209
D7	4	79	Null	14.54414	2.495057
D7	4	79	Null	11.599952	3.3656757
D7	3	79	Null	12.866732	3.9518204
D7	3	79	Null	13.853371	1.9362384
D7	1	79	Null	15.75447	2.6466749
D7	1	79	Null	13.748054	2.8706274
D7	1	79	Null	14.126152	1.7902492
D7	1	79	Null	11.889744	5.3700886
D7	1	79	Null	13.579769	3.011203
D7	1	79	Null	10.973688	2.7257202
D7	1	79	Null	14.548405	2.1229644
D7	1	79	Null	11.635962	4.6951427
D7	1	79	Null	10.99136	2.6489053
D7	1	79	Null	9.332882	3.6994429
D7	1	79	Null	14.158614	1.6094922
D7	1	79	Null	14.324278	1.7954857
D7	1	79	Null	13.920138	2.6384149
D7	1	79	Null	9.601035	3.4574916
D7	1	79	Null	14.636643	2.9109266
D7	1	79	Null	14.759045	1.6768401
D7	1	79	Null	11.916288	3.3944778
D7	1	79	Null	13.226625	3.566111
D7	1	79	Null	16.33064	3.1782877
D7	1	79	Null	11.535376	2.655889
D7	1	79	Null	14.535809	2.103086
D12	1	64	Null	15.832316	5.441872
D12	1	64	Null	14.453025	3.894215
D12	1	64	Null	14.201367	3.3538678
D12	1	64	Null	11.1622715	4.0332236
D12	1	64	Null	16.308977	2.9155476
D12	1	64	Null	13.997766	4.0363526
D12	1	64	Null	13.56996	2.1601
D12	1	64	Null	16.025026	3.5773156
D12	1	64	Null	13.974252	1.7833749
D12	1	64	Null	13.193891	2.5073924
D12	1	64	Null	14.317408	4.7937093
D12	1	64	Null	14.062794	3.408278
D12	1	64	Null	15.17437	1.6719792
D12	1	64	Null	13.912557	1.7094146
D12	1	64	Null	14.011742	1.3283883
D12	3	64	Null	17.768787	3.9207015
D12	3	64	Null	14.840381	2.3816395
D12	3	64	Null	15.849429	2.0246515
D12	3	64	Null	15.473182	5.891123
D12	3	64	Null	12.819453	3.9314864
D12	3	64	Null	12.670244	3.892947
D12	3	64	Null	13.824112	5.7525096
D12	3	64	Null	13.957845	2.931441
D12	3	64	Null	10.870919	2.2607434
D12	3	64	Null	11.6493435	2.985732
D12	3	64	Null	11.478399	3.3231184
D12	3	64	Null	13.762306	3.3539846
D12	3	64	Null	9.922897	2.2449906
D12	3	64	Null	11.17291	1.888219
D12	3	64	Null	9.332405	3.1570764
D12	4	64	Null	14.029832	4.1376443
D12	4	64	Null	12.60513	4.0001745
D12	4	64	Null	14.579938	2.2637856
D12	4	64	Null	14.39939	4.9783025
D12	4	64	Null	9.250122	3.535635
D12	4	64	Null	13.579718	5.0570564
D12	1	64	Null	15.234354	4.5332184
D12	1	64	Null	12.431985	4.1642036
D12	4	64	Null	14.548703	3.3875966
D12	4	64	Null	9.808421	3.667629
D12	4	64	Null	13.404017	4.482803
D12	4	64	Null	14.96657	4.1676917
D12	1	64	Null	14.513443	3.7629123
D12	1	64	Null	11.022082	2.8921392
D12	3	64	Null	16.462927	4.4124966
D12	3	64	Null	10.300072	2.8075657
D12	4	64	Null	15.444811	5.8282466
D12	4	64	Null	12.55586	2.3357124
D12	4	64	Null	14.539259	4.2391453
D12	4	64	Null	9.042813	3.6413732
D12	4	64	Null	11.662201	5.159102
D12	2	64	Null	11.823197	5.341187
D12	2	64	Null	12.106921	1.8304616
D12	2	64	Null	13.326868	4.868829
D12	2	64	Null	14.833632	4.3426623
D12	2	64	Null	15.122433	3.1601095
D12	2	64	Null	13.197365	2.6993024
D12	2	64	Null	14.112482	1.9597973
D12	2	64	Null	15.238981	3.5503337
D12	2	64	Null	14.129182	3.3885365
D12	2	64	Null	15.530678	4.1664777
D12	2	64	Null	15.740732	1.6802248
D12	2	64	Null	11.120082	2.3670533
D12	2	64	Null	15.5723295	5.624952
E1	2	29	WT	16.010653	4.8585873
E1	2	29	WT	15.6785	4.1436276
E1	2	29	WT	15.979477	4.9819098
E1	2	29	WT	16.865349	3.7398098
E1	2	29	WT	14.171773	2.832586
E1	3	29	WT	15.565081	1.5476453
E1	3	29	WT	14.891188	3.6583412
E1	3	29	WT	16.117632	1.679518
E1	3	29	WT	15.877626	1.7835943
E1	3	29	WT	16.439985	3.9089308
E1	3	29	WT	16.535343	3.6294866
E1	4	29	WT	9.902225	3.2726717
E1	4	29	WT	15.828762	5.7472134
E1	4	29	WT	9.254463	2.5680609
E1	4	29	WT	15.672197	4.0916557
E1	4	29	WT	15.026752	5.626348
E1	4	29	WT	17.738625	3.7864246
E1	4	29	WT	14.899704	4.935016
E1	4	29	WT	15.445664	3.619127
E1	4	29	WT	14.351965	2.3280232
E1	3	29	WT	16.293741	3.0656734
E1	4	29	WT	15.580576	5.3834286
E1	2	29	WT	16.026165	4.639017
E1	2	29	WT	15.531279	5.549795
E1	2	29	WT	16.463873	3.8635392
E1	3	29	WT	16.3687	5.3619833
E1	4	29	WT	13.425154	3.2704847
E1	4	29	WT	15.186684	4.9767923
E1	4	29	WT	15.516941	4.467083
E6	1	42	WT	14.368726	4.548037
E6	1	42	WT	16.66497	3.2733886
E6	1	42	WT	16.34022	3.9682615
E6	1	42	WT	16.411453	3.8601215
E6	1	42	WT	16.427235	3.9077804
E6	1	42	WT	16.22181	3.6706557
E6	1	42	WT	16.177948	3.35333
E6	1	42	WT	15.2825985	3.2039213
E6	1	42	WT	16.656939	1.9728925
E6	1	42	WT	15.682724	2.9896393
E6	1	42	WT	16.18517	2.6226656
E6	1	42	WT	13.229756	1.5899988
E6	1	42	WT	10.911385	3.195158
E6	2	42	WT	15.509303	4.1580825
E6	2	42	WT	16.19584	3.5405905
E6	2	42	WT	15.944613	2.6042051
E6	3	42	WT	11.312128	1.8768178
E6	3	42	WT	15.830477	2.487132
E6	3	42	WT	15.76416	4.518267
E6	3	42	WT	14.0744505	4.190314
E6	3	42	WT	15.632128	1.7023487
E6	3	42	WT	15.499122	2.3536036
E6	3	42	WT	14.60804	1.7988212
E6	3	42	WT	16.04176	2.052292
E6	3	42	WT	16.41927	3.6828654
E6	2	42	WT	16.221088	2.0274565
E6	3	42	WT	13.914534	3.5947473
E6	3	42	WT	12.702798	1.8842671
E6	3	42	WT	15.817113	3.5791774
E6	3	42	WT	15.023469	5.237372
E6	3	42	WT	8.996432	3.680097
E6	3	42	WT	15.429681	3.5034134
E6	2	42	WT	15.985404	4.071287
E6	2	42	WT	15.386908	3.0092869
E6	4	42	WT	13.868881	5.815168
E6	4	42	WT	9.192149	3.75233
E6	4	42	WT	11.48323	1.8239921
E6	4	42	WT	15.021251	3.7181041
E6	4	42	WT	16.021433	2.1995265
E6	4	42	WT	14.367423	3.7742302
E6	4	42	WT	16.257404	2.9462833
E6	4	42	WT	16.350124	2.7003095
E7	1	85	Null	12.422661	2.6845002
E7	1	85	Null	15.270245	5.32702
E7	1	85	Null	15.015015	1.9009565
E7	1	85	Null	14.655933	4.1473026
E7	1	85	Null	10.106437	3.4989247
E7	1	85	Null	13.914147	2.8193197
E7	1	85	Null	11.765023	3.019689
E7	1	85	Null	13.615092	5.1734366
E7	1	85	Null	12.378896	3.5682209
E7	1	85	Null	11.929512	2.8689578
E7	1	85	Null	16.7241	2.3429253
E7	1	85	Null	13.816129	5.257814
E7	1	85	Null	12.961298	2.9512293
E7	2	85	Null	14.335272	1.8855993
E7	2	85	Null	13.139631	4.1416774
E7	2	85	Null	9.272112	2.8597252
E7	2	85	Null	9.286314	2.7920778
E7	2	85	Null	13.346329	2.3947108
E7	2	85	Null	11.919368	2.8668325
E7	2	85	Null	15.61271	2.7746744
E7	2	85	Null	13.694894	2.158153
E7	2	85	Null	10.530341	3.7831206
E7	2	85	Null	13.4316	5.113662
E7	2	85	Null	13.618746	2.6238313
E7	2	85	Null	11.958492	2.4619522
E7	2	85	Null	9.001861	3.8244054
E7	2	85	Null	9.307766	2.8607888
E7	2	85	Null	11.935673	3.1241996
E7	2	85	Null	12.086777	3.0846956
E7	2	85	Null	12.425354	3.2538316
E7	2	85	Null	9.243896	2.8569365
E7	2	85	Null	11.863785	2.517233
E7	2	85	Null	12.212701	3.5957568
E7	2	85	Null	11.438169	2.4430606
E7	2	85	Null	14.444499	3.76529
E7	2	85	Null	10.090296	2.9355168
E7	2	85	Null	11.452061	3.4111125
E7	2	85	Null	10.18768	2.992779
E7	3	85	Null	11.737922	3.259435
E7	3	85	Null	14.11308	2.4968445
E7	3	85	Null	13.990397	5.2600694
E7	3	85	Null	15.319744	4.8631744
E7	3	85	Null	13.878935	5.447379
E7	3	85	Null	13.465228	2.1423934
E7	3	85	Null	12.364387	5.4107156
E7	3	85	Null	14.686255	4.1966877
E7	4	85	Null	10.088232	2.9955323
E7	4	85	Null	10.159086	2.952211
E7	4	85	Null	15.053349	3.8758667
E7	4	85	Null	11.316358	4.056193
E7	4	85	Null	13.436608	2.297309
E7	4	85	Null	13.01702	4.0982265
E7	4	85	Null	13.932708	2.588771
E7	4	85	Null	12.132549	3.0678914
E7	4	85	Null	15.090643	4.1794386
E7	4	85	Null	13.711889	1.148814
E7	4	85	Null	9.705157	3.8230824
E7	4	85	Null	13.861103	4.8375206
E7	4	85	Null	9.693516	2.3794432
E7	4	85	Null	14.254709	5.781503
E7	4	85	Null	9.760145	2.3612368
E7	1	85	Null	11.070467	2.222696
E7	1	85	Null	14.8595705	1.7281499
E7	2	85	Null	12.303603	2.31229
E7	2	85	Null	14.195168	3.619645
E7	2	85	Null	12.345088	3.251787
E7	3	85	Null	14.101556	4.143214
E7	3	85	Null	13.328969	1.4641597
E7	3	85	Null	15.946701	3.3624039
E7	4	85	Null	14.010988	2.4230676
E7	4	85	Null	12.87478	4.223919
E7	1	85	Null	14.324655	3.8280733
E7	1	85	Null	15.841065	3.5918436
E7	2	85	Null	12.085071	3.6125605
E7	3	85	Null	13.910959	2.063074
E7	3	85	Null	14.5005	1.8191916
E7	3	85	Null	9.602296	3.3758702
E7	3	85	Null	13.632287	5.9723153
E7	4	85	Null	12.630533	3.8358886
E7	4	85	Null	14.227967	2.1168535
E7	2	85	Null	11.0890875	3.1505494
E7	3	85	Null	16.590857	2.1433806
E7	4	85	Null	15.555872	2.534829
E7	4	85	Null	13.398229	1.444191
E7	3	85	Null	13.532343	3.5907729
E12	1	57	Null	16.246838	1.7875762
E12	1	57	Null	13.358089	3.8135204
E12	1	57	Null	16.284033	1.6363643
E12	1	57	Null	13.212808	4.216893
E12	1	57	Null	12.74028	3.8820517
E12	1	57	Null	14.81186	2.5449138
E12	1	57	Null	16.280003	1.4950197
E12	1	57	Null	14.411365	3.8965044
E12	2	57	Null	14.428728	5.5065765
E12	2	57	Null	15.093046	4.9339337
E12	2	57	Null	12.632134	2.2002337
E12	2	57	Null	13.725787	2.477871
E12	2	57	Null	16.01023	5.0798144
E12	2	57	Null	15.462058	3.1350071
E12	2	57	Null	16.025991	1.6600232
E12	2	57	Null	15.28568	2.8479736
E12	2	57	Null	15.654628	2.5447423
E12	2	57	Null	13.554393	2.9736683
E12	2	57	Null	13.105229	1.978717
E12	2	57	Null	10.329933	2.6124516
E12	2	57	Null	11.919185	5.2753434
E12	2	57	Null	13.663385	2.6108425
E12	2	57	Null	13.07087	4.6233687
E12	3	57	Null	13.9017725	3.550388
E12	3	57	Null	16.094284	1.676172
E12	3	57	Null	13.00345	3.139212
E12	3	57	Null	13.365086	5.081856
E12	3	57	Null	13.334419	3.464678
E12	3	57	Null	11.215709	2.9347835
E12	3	57	Null	12.981963	3.9654062
E12	3	57	Null	14.8766165	2.413256
E12	3	57	Null	9.521086	3.142079
E12	3	57	Null	15.753909	5.4361105
E12	3	57	Null	14.147254	1.9258715
E12	4	57	Null	14.220786	2.3258598
E12	4	57	Null	15.519687	2.8266976
E12	4	57	Null	15.891069	1.9212976
E12	4	57	Null	11.794125	3.4301045
E12	4	57	Null	16.12464	5.1232233
E12	4	57	Null	14.683675	4.63172
E12	1	57	Null	15.267008	5.0509834
E12	2	57	Null	15.869141	1.6567342
E12	3	57	Null	14.485893	1.6513083
E12	3	57	Null	11.731253	3.390877
E12	3	57	Null	15.229838	3.5665128
E12	3	57	Null	12.609083	2.8618886
E12	3	57	Null	13.585643	2.0324378
E12	3	57	Null	14.496799	4.5178204
E12	1	57	Null	15.459897	2.0380456
E12	1	57	Null	15.704434	1.7512659
E12	2	57	Null	12.804527	2.6198554
E12	2	57	Null	10.97906	2.6511886
E12	3	57	Null	13.966604	4.106737
E12	4	57	Null	11.78853	3.5834694
E12	1	57	Null	15.708139	2.2033207
E12	3	57	Null	11.875818	5.376417
E12	4	57	Null	11.495579	3.234212
F1	1	45	WT	15.340344	4.116047
F1	1	45	WT	16.691442	2.9903634
F1	1	45	WT	16.185421	4.055683
F1	1	45	WT	16.085533	3.2150185
F1	1	45	WT	16.402262	2.5615568
F1	1	45	WT	15.142159	3.713802
F1	2	45	WT	15.03704	2.2813776
F1	2	45	WT	14.484204	2.3599117
F1	2	45	WT	16.492126	3.6986156
F1	2	45	WT	16.259926	2.6678007
F1	2	45	WT	14.034721	3.7660513
F1	2	45	WT	16.353226	3.1672208
F1	2	45	WT	9.164191	3.8090506
F1	2	45	WT	16.13443	5.021401
F1	2	45	WT	16.387592	4.5833654
F1	2	45	WT	15.452166	5.025558
F1	2	45	WT	14.504179	2.435256
F1	3	45	WT	15.339706	3.8610008
F1	3	45	WT	16.629398	3.874754
F1	3	45	WT	15.677186	3.9840693
F1	3	45	WT	15.431629	5.467388
F1	3	45	WT	15.961546	3.3214278
F1	3	45	WT	16.580568	1.9252053
F1	3	45	WT	13.706233	5.168334
F1	3	45	WT	9.482662	3.6834414
F1	3	45	WT	15.687922	5.8520827
F1	3	45	WT	15.38948	4.2043114
F1	4	45	WT	14.089272	2.5575447
F1	4	45	WT	16.429834	3.3755045
F1	4	45	WT	15.904594	3.6169212
F1	4	45	WT	16.431652	4.032873
F1	4	45	WT	16.82079	4.4101634
F1	4	45	WT	15.19988	4.886291
F1	4	45	WT	16.825253	4.895332
F1	4	45	WT	15.698138	4.6749063
F1	4	45	WT	16.228104	1.9876844
F1	4	45	WT	13.756097	5.851358
F1	4	45	WT	15.102748	3.8542516
F1	4	45	WT	14.541525	3.8697631
F1	4	45	WT	14.516327	3.8588524
F1	1	45	WT	13.690136	4.443041
F1	4	45	WT	14.891308	2.9705582
F1	1	45	WT	16.210447	2.9448438
F1	1	45	WT	15.801852	3.2012622
F1	1	45	WT	16.515547	2.7131753
F6	1	45	WT	10.632812	2.387528
F6	1	45	WT	16.30077	2.7094116
F6	1	45	WT	15.524614	2.3438294
F6	1	45	WT	12.216689	5.004429
F6	1	45	WT	10.073956	2.8385794
F6	1	45	WT	10.296515	3.092919
F6	1	45	WT	15.723146	5.115568
F6	1	45	WT	14.89561	3.2430727
F6	1	45	WT	14.139226	3.4237673
F6	2	45	WT	10.488198	2.4803808
F6	2	45	WT	9.435453	2.995892
F6	2	45	WT	9.116939	3.4653938
F6	2	45	WT	16.213446	1.4806802
F6	3	45	WT	14.175087	3.4937184
F6	3	45	WT	12.99287	2.8975446
F6	3	45	WT	14.774134	2.7376883
F6	3	45	WT	14.950829	2.6957898
F6	3	45	WT	16.381498	3.8603525
F6	3	45	WT	15.604495	3.626865
F6	3	45	WT	14.76937	1.8382567
F6	3	45	WT	13.855626	2.2425666
F6	3	45	WT	15.861273	3.5757105
F6	3	45	WT	15.826554	2.2930822
F6	3	45	WT	14.338621	5.302501
F6	3	45	WT	8.98222	3.8434951
F6	4	45	WT	16.46996	2.2326698
F6	4	45	WT	16.572582	2.032596
F6	4	45	WT	16.098562	2.1707451
F6	4	45	WT	16.356117	2.5679135
F6	1	45	WT	15.531841	3.4545634
F6	3	45	WT	16.579039	4.667064
F6	3	45	WT	15.796405	1.9587
F6	3	45	WT	14.312866	2.0792406
F6	4	45	WT	9.188554	3.7926254
F6	1	45	WT	15.686671	3.073421
F6	1	45	WT	15.702749	3.2466633
F6	1	45	WT	15.365185	3.600203
F6	1	45	WT	12.984082	2.9690151
F6	2	45	WT	9.7825985	2.7122624
F6	2	45	WT	9.320975	2.9757729
F6	2	45	WT	13.093412	3.6301212
F6	2	45	WT	16.37617	5.146733
F6	2	45	WT	15.886871	2.4310882
F6	2	45	WT	15.13441	4.5195727
F6	4	45	WT	8.935135	3.7388592
F7	1	80	Null	15.316544	2.7485652
F7	1	80	Null	15.119157	3.2738142
F7	1	80	Null	13.616773	3.72608
F7	1	80	Null	14.201917	4.9347296
F7	1	80	Null	15.37448	1.4342256
F7	1	80	Null	12.773059	1.9738994
F7	1	80	Null	14.224218	2.3641145
F7	1	80	Null	12.720497	2.7477329
F7	1	80	Null	15.721193	2.0079868
F7	1	80	Null	12.511818	1.6610976
F7	1	80	Null	13.532894	3.3392038
F7	1	80	Null	13.182211	4.441874
F7	1	80	Null	11.273898	2.8820517
F7	1	80	Null	10.666858	2.3006968
F7	1	80	Null	13.304062	3.1487753
F7	1	80	Null	14.590505	3.2992759
F7	1	80	Null	14.084599	4.673953
F7	2	80	Null	13.450101	4.1147604
F7	2	80	Null	9.323254	2.8225567
F7	2	80	Null	13.020888	2.7395043
F7	2	80	Null	14.936396	3.9414876
F7	2	80	Null	9.499547	2.5676272
F7	2	80	Null	12.401811	3.3008945
F7	2	80	Null	16.4968	1.860505
F7	2	80	Null	13.7997875	5.561222
F7	2	80	Null	14.344922	5.466996
F7	2	80	Null	9.130668	3.6402538
F7	2	80	Null	11.472586	2.6739368
F7	2	80	Null	12.900479	4.113619
F7	2	80	Null	11.498582	2.3968906
F7	2	80	Null	14.565495	5.185538
F7	2	80	Null	10.7026005	3.6951694
F7	2	80	Null	15.499248	5.596197
F7	2	80	Null	14.530027	6.0857944
F7	3	80	Null	13.927023	4.634394
F7	3	80	Null	14.18595	2.8650422
F7	3	80	Null	8.972379	3.833244
F7	3	80	Null	14.390461	2.7467964
F7	3	80	Null	13.610942	3.175689
F7	3	80	Null	15.696393	3.2407448
F7	3	80	Null	16.747501	2.3073096
F7	3	80	Null	12.288922	3.5861695
F7	3	80	Null	14.901713	3.5409205
F7	3	80	Null	14.185732	3.5469997
F7	3	80	Null	13.864252	2.530501
F7	3	80	Null	15.558923	1.4883094
F7	3	80	Null	13.327112	3.7143056
F7	3	80	Null	11.220293	3.0412474
F7	3	80	Null	15.800972	2.1103036
F7	3	80	Null	13.260319	3.6463408
F7	3	80	Null	14.274561	2.8869984
F7	3	80	Null	11.166755	2.5828242
F7	3	80	Null	14.189791	2.051636
F7	3	80	Null	15.816408	4.195591
F7	4	80	Null	15.818332	5.640335
F7	4	80	Null	11.875107	1.8470742
F7	4	80	Null	14.137197	1.3063366
F7	4	80	Null	10.719859	3.6230445
F7	4	80	Null	13.347262	4.3204703
F7	4	80	Null	16.017954	3.9541173
F7	4	80	Null	14.547578	5.494691
F7	4	80	Null	14.461763	4.0926676
F7	4	80	Null	13.842164	2.134251
F7	4	80	Null	14.941133	4.3486934
F7	4	80	Null	12.923312	4.232791
F7	4	80	Null	13.337218	3.4817216
F7	4	80	Null	11.178029	2.5978217
F7	4	80	Null	15.33632	5.1072164
F7	4	80	Null	14.717092	4.450976
F7	4	80	Null	10.74539	2.6465662
F7	4	80	Null	13.464125	1.9612266
F7	1	80	Null	15.127927	2.1954613
F7	2	80	Null	11.937222	1.8340418
F7	3	80	Null	14.428002	1.968246
F7	3	80	Null	10.876975	2.598873
F7	4	80	Null	14.551436	6.0226474
F7	4	80	Null	14.18973	4.2579336
F7	1	80	Null	16.199	1.9746957
F7	1	80	Null	11.947309	2.9527588
F7	4	80	Null	12.596959	3.1732519
F12	1	51	Null	13.663829	3.3908145
F12	1	51	Null	13.109085	3.372168
F12	1	51	Null	9.33864	3.0769777
F12	1	51	Null	13.017594	4.4685583
F12	1	51	Null	13.247016	4.7459226
F12	1	51	Null	11.824713	3.167335
F12	1	51	Null	15.116075	4.4452963
F12	1	51	Null	14.098681	3.217043
F12	1	51	Null	12.692159	3.0445948
F12	1	51	Null	12.374469	3.1765187
F12	1	51	Null	14.812183	5.693815
F12	1	51	Null	11.092101	2.2002537
F12	1	51	Null	14.801921	5.8583565
F12	1	51	Null	11.348503	2.2325115
F12	2	51	Null	13.975954	4.724182
F12	2	51	Null	15.787207	2.6446135
F12	2	51	Null	14.228784	4.9887295
F12	2	51	Null	15.442411	2.2228973
F12	2	51	Null	14.850527	1.9535414
F12	2	51	Null	15.669045	2.218493
F12	3	51	Null	15.147401	3.4152598
F12	3	51	Null	15.492312	3.9028368
F12	3	51	Null	13.748427	2.763388
F12	3	51	Null	16.444918	2.047632
F12	3	51	Null	9.622454	3.2853777
F12	3	51	Null	14.827651	2.460652
F12	3	51	Null	15.426524	3.8931403
F12	3	51	Null	16.23933	5.2882986
F12	3	51	Null	15.1292925	5.534848
F12	3	51	Null	13.945057	4.5560503
F12	3	51	Null	13.444463	1.3070863
F12	3	51	Null	13.522434	4.4278064
F12	3	51	Null	13.820182	1.0803936
F12	4	51	Null	9.119764	3.6337352
F12	4	51	Null	12.6074915	1.8953196
F12	4	51	Null	11.284405	2.1817055
F12	4	51	Null	12.68231	3.2954524
F12	4	51	Null	11.13137	3.0414252
F12	4	51	Null	12.800952	3.2482438
F12	4	51	Null	13.704489	1.1861022
F12	4	51	Null	10.902404	3.7752326
F12	4	51	Null	13.832967	4.442985
F12	4	51	Null	9.19911	3.7531598
F12	4	51	Null	15.378475	2.5161564
F12	4	51	Null	9.439407	2.6863136
F12	4	51	Null	9.786219	2.5584223
F12	1	51	Null	11.893485	3.5183423
F12	1	51	Null	16.011486	4.082026
F12	2	51	Null	12.496638	4.089233
F12	4	51	Null	13.856779	4.666595
F12	1	51	Null	13.829274	4.941104
G1	1	58	WT	13.482178	4.2409697
G1	1	58	WT	14.219196	2.4990463
G1	1	58	WT	13.080993	2.023475
G1	1	58	WT	12.297863	1.7543364
G1	1	58	WT	15.858644	3.5419762
G1	1	58	WT	11.47745	2.2878096
G1	1	58	WT	13.634651	2.9362998
G1	1	58	WT	13.737849	4.9901414
G1	1	58	WT	14.015495	5.7100477
G1	1	58	WT	9.297578	2.7246296
G1	1	58	WT	15.882241	3.3317373
G1	1	58	WT	9.330299	2.5328915
G1	1	58	WT	13.930544	5.5451927
G1	1	58	WT	11.705736	3.2579148
G1	2	58	WT	14.952796	2.9073606
G1	2	58	WT	15.850385	3.2959058
G1	2	58	WT	15.5058775	5.262887
G1	2	58	WT	16.243282	2.4682767
G1	2	58	WT	15.149785	2.9985619
G1	2	58	WT	16.296286	3.0170488
G1	2	58	WT	16.541214	3.3302226
G1	2	58	WT	15.108701	4.6898046
G1	2	58	WT	15.918477	4.309205
G1	3	58	WT	11.805195	3.3544502
G1	3	58	WT	15.241381	2.970091
G1	3	58	WT	15.669826	4.9393544
G1	3	58	WT	15.175032	3.0667598
G1	3	58	WT	16.390795	4.379114
G1	3	58	WT	16.262909	2.3682055
G1	3	58	WT	16.217455	5.4122496
G1	3	58	WT	15.116721	5.0534215
G1	3	58	WT	15.815504	4.623562
G1	3	58	WT	16.309717	1.4822093
G1	4	58	WT	15.739509	4.5472646
G1	4	58	WT	15.434615	3.9380317
G1	4	58	WT	16.008333	4.2434144
G1	4	58	WT	13.780407	5.769649
G1	4	58	WT	15.281737	4.303937
G1	4	58	WT	15.008716	5.05916
G1	4	58	WT	15.135416	2.9429882
G1	4	58	WT	15.523941	5.837796
G1	4	58	WT	15.361404	5.037465
G1	4	58	WT	15.561966	5.1489844
G1	4	58	WT	15.024492	2.6810696
G1	4	58	WT	15.136399	2.5991144
G1	4	58	WT	9.475016	2.7432587
G1	4	58	WT	13.234369	3.7204256
G1	4	58	WT	13.36332	3.7844837
G1	4	58	WT	9.420972	3.1374295
G1	4	58	WT	16.659468	2.2614107
G1	4	58	WT	12.166229	3.6453753
G1	4	58	WT	12.316611	2.8196754
G1	1	58	WT	12.696078	1.6990981
G1	3	58	WT	13.834219	2.4323883
G1	1	58	WT	13.97857	2.8934145
G1	2	58	WT	16.129715	4.7084265
G1	4	58	WT	14.034036	1.6938702
G1	1	58	WT	15.138664	4.9913855
G6	1	32	WT	15.322278	3.6315885
G6	1	32	WT	15.17649	4.3927627
G6	1	32	WT	16.163448	4.6517754
G6	1	32	WT	16.272196	1.939789
G6	1	32	WT	9.855156	2.2802784
G6	1	32	WT	15.978323	5.261217
G6	1	32	WT	10.05598	2.9375143
G6	1	32	WT	12.63794	3.4052103
G6	1	32	WT	15.988089	5.1673417
G6	2	32	WT	15.891456	4.1366773
G6	2	32	WT	16.422014	2.3523
G6	2	32	WT	16.636717	3.4959934
G6	2	32	WT	15.582209	5.4305754
G6	2	32	WT	16.047165	4.9616137
G6	2	32	WT	15.913995	3.8342385
G6	2	32	WT	11.097317	3.9000769
G6	2	32	WT	13.527532	4.2677383
G6	3	32	WT	14.985966	3.2218246
G6	3	32	WT	16.355066	3.8266842
G6	3	32	WT	15.80347	4.4776735
G6	3	32	WT	15.720781	4.646171
G6	3	32	WT	16.635967	2.3294988
G6	3	32	WT	15.493072	3.5864391
G6	4	32	WT	14.942362	3.2572513
G6	4	32	WT	16.084372	2.2002378
G6	4	32	WT	13.13165	3.5209641
G6	4	32	WT	16.019777	2.4697974
G6	4	32	WT	16.876312	3.424781
G6	4	32	WT	14.4925165	2.9824712
G6	4	32	WT	16.494694	3.175498
G6	4	32	WT	16.046665	5.1524343
G6	4	32	WT	15.76646	2.1443064
G7	1	71	Null	9.876423	2.6719508
G7	1	71	Null	13.735168	1.920647
G7	1	71	Null	14.511254	2.8169146
G7	1	71	Null	10.810123	2.2267082
G7	1	71	Null	11.015624	2.9288015
G7	1	71	Null	10.387793	3.1242404
G7	1	71	Null	10.343978	2.566506
G7	1	71	Null	14.839903	2.0265436
G7	1	71	Null	9.322731	3.5561564
G7	1	71	Null	14.831625	3.3270795
G7	1	71	Null	13.607458	3.1455266
G7	1	71	Null	13.7686825	1.4412066
G7	1	71	Null	9.418623	3.6775823
G7	1	71	Null	16.825932	3.7118864
G7	2	71	Null	13.490877	1.0383936
G7	2	71	Null	11.863676	2.2628748
G7	2	71	Null	13.741769	3.72668
G7	2	71	Null	14.155551	2.68327
G7	2	71	Null	13.493728	3.227027
G7	2	71	Null	10.655661	2.8043628
G7	2	71	Null	13.979734	1.2146081
G7	2	71	Null	11.524909	5.037328
G7	2	71	Null	11.027035	2.2223518
G7	2	71	Null	11.285536	2.431759
G7	2	71	Null	15.039663	4.645001
G7	2	71	Null	11.675631	2.787467
G7	2	71	Null	9.044048	3.695529
G7	2	71	Null	11.526761	2.9238977
G7	2	71	Null	12.052419	2.4320042
G7	2	71	Null	15.022594	2.8200665
G7	2	71	Null	15.17777	2.6918569
G7	2	71	Null	16.094723	1.3982939
G7	3	71	Null	14.5370655	2.1616647
G7	3	71	Null	15.1912	4.357535
G7	3	71	Null	15.112779	5.3900485
G7	3	71	Null	14.672016	6.0430655
G7	3	71	Null	14.574094	3.7144117
G7	3	71	Null	13.497386	1.7176356
G7	3	71	Null	9.862955	3.6006052
G7	3	71	Null	11.876162	5.383868
G7	3	71	Null	13.220664	4.2839913
G7	3	71	Null	14.0171995	3.6159637
G7	3	71	Null	11.5479965	2.6056025
G7	3	71	Null	14.350804	5.6061697
G7	3	71	Null	14.446362	3.9422681
G7	3	71	Null	13.158192	2.146501
G7	3	71	Null	10.116206	3.731537
G7	4	71	Null	14.302921	1.4057635
G7	4	71	Null	14.4905205	4.6565704
G7	4	71	Null	14.38849	1.7638502
G7	4	71	Null	11.198104	2.9878776
G7	4	71	Null	16.25992	3.6290295
G7	4	71	Null	11.139344	3.0314934
G7	4	71	Null	12.3382	3.6014702
G7	4	71	Null	14.869729	5.241274
G7	4	71	Null	10.738559	2.422833
G7	4	71	Null	10.821521	2.2910213
G7	4	71	Null	11.857875	5.3459764
G7	4	71	Null	13.454046	2.7445014
G7	4	71	Null	14.373996	6.0064325
G7	4	71	Null	14.111408	3.2440426
G7	4	71	Null	14.845661	3.4251328
G7	4	71	Null	12.655578	1.9355316
G7	4	71	Null	13.9955845	3.06458
G7	4	71	Null	13.246928	2.905298
G7	4	71	Null	12.930593	3.2250507
G7	4	71	Null	14.467003	5.536607
G7	4	71	Null	13.475204	3.46526
G7	4	71	Null	12.928552	2.8538702
G7	4	71	Null	13.341931	1.8469793
G7	2	71	Null	9.344197	2.8859572
G12	1	53	Null	15.600695	2.2504435
G12	1	53	Null	14.607721	1.7697904
G12	1	53	Null	13.602368	3.3754156
G12	1	53	Null	15.156634	3.9904113
G12	1	53	Null	12.454721	4.075308
G12	1	53	Null	13.360522	2.890998
G12	1	53	Null	9.99583	3.696082
G12	1	53	Null	12.066169	5.3637385
G12	1	53	Null	14.3693695	2.716543
G12	1	53	Null	16.476273	5.0986495
G12	1	53	Null	13.365162	2.9093661
G12	3	53	Null	13.983038	2.8945348
G12	3	53	Null	12.7787485	2.7253554
G12	3	53	Null	15.787003	1.9978799
G12	3	53	Null	15.897407	3.2465868
G12	3	53	Null	13.840449	4.5723705
G12	3	53	Null	13.051854	1.4527117
G12	3	53	Null	14.898419	5.7720876
G12	3	53	Null	15.49716	5.2731833
G12	3	53	Null	13.465893	3.5626884
G12	3	53	Null	15.025179	4.4938483
G12	3	53	Null	14.758308	3.884535
G12	3	53	Null	12.623047	3.2565944
G12	3	53	Null	15.776119	3.323379
G12	3	53	Null	15.18672	3.8067663
G12	3	53	Null	14.787073	3.5880787
G12	3	53	Null	15.627736	4.625688
G12	4	53	Null	14.897954	3.5471585
G12	4	53	Null	16.134098	3.761608
G12	4	53	Null	15.832108	4.294177
G12	4	53	Null	15.985244	2.3005633
G12	4	53	Null	12.987972	4.215815
G12	4	53	Null	16.477514	4.383425
G12	1	53	Null	13.69385	2.479654
G12	1	53	Null	15.254829	2.8270128
G12	4	53	Null	15.228809	5.3386526
G12	4	53	Null	16.254332	1.9258668
G12	1	53	Null	13.213102	1.4455537
G12	2	53	Null	13.56254	3.8855526
G12	2	53	Null	13.820688	2.368367
G12	2	53	Null	15.432207	3.8631115
G12	2	53	Null	14.552247	5.451474
G12	2	53	Null	16.608395	2.6186965
G12	2	53	Null	15.762178	2.1326227
G12	2	53	Null	15.563938	2.5092852
G12	2	53	Null	14.416735	4.2843943
G12	2	53	Null	14.962455	2.9281037
G12	2	53	Null	15.239991	4.766163
G12	2	53	Null	14.205872	2.0316174
G12	2	53	Null	16.14749	3.9767687
G12	2	53	Null	14.645974	5.931249
G12	2	53	Null	14.5795	5.659021
G12	2	53	Null	15.844111	1.880424
H1	1	26	WT	11.035031	2.8247774
H1	1	26	WT	11.723517	2.0402985
H1	1	26	WT	16.184753	1.8835303
H1	1	26	WT	15.822343	3.8724809
H1	1	26	WT	16.213062	3.4088037
H1	2	26	WT	16.534874	3.7229438
H1	2	26	WT	14.717214	5.997453
H1	2	26	WT	15.990648	4.434869
H1	2	26	WT	15.047576	5.208231
H1	2	26	WT	16.077505	2.0553155
H1	2	26	WT	16.64426	3.6534414
H1	3	26	WT	16.37446	3.020064
H1	3	26	WT	16.028677	3.2451887
H1	3	26	WT	16.125946	2.252843
H1	3	26	WT	15.483407	3.0342195
H1	3	26	WT	15.17099	2.4464755
H1	3	26	WT	16.832735	4.824208
H1	3	26	WT	16.636127	4.9971385
H1	3	26	WT	16.14637	3.0883026
H1	4	26	WT	16.471764	4.321408
H1	4	26	WT	16.259129	3.5052238
H1	4	26	WT	16.736736	3.4077265
H1	4	26	WT	16.527777	2.353075
H1	4	26	WT	12.757186	2.2937233
H1	1	26	WT	14.722207	3.1649346
H1	1	26	WT	15.774951	2.6810915
H6	1	28	WT	14.46118	5.5854387
H6	1	28	WT	12.428802	2.4628317
H6	1	28	WT	14.143468	2.9429808
H6	1	28	WT	16.244028	3.8481565
H6	1	28	WT	13.403141	1.8538878
H6	1	28	WT	16.139677	4.4739285
H6	1	28	WT	16.666937	3.5183525
H6	1	28	WT	16.006653	3.8097959
H6	2	28	WT	11.167321	2.6223135
H6	2	28	WT	16.044878	2.5248003
H6	2	28	WT	11.400155	2.0351667
H6	2	28	WT	16.558094	2.2487564
H6	2	28	WT	9.2063055	3.8747613
H6	2	28	WT	16.519354	2.3279846
H6	2	28	WT	15.3737135	2.068993
H6	3	28	WT	15.888093	4.8571124
H6	3	28	WT	16.227331	3.589903
H6	3	28	WT	15.485197	2.9958076
H6	3	28	WT	14.369668	2.9850895
H6	3	28	WT	15.92345	5.7298284
H6	3	28	WT	13.231276	1.3244929
H6	3	28	WT	14.919891	3.2816117
H6	3	28	WT	16.120394	4.8529377
H6	3	28	WT	16.219322	3.84212
H6	3	28	WT	12.494926	3.9713905
H6	4	28	WT	15.010749	5.218643
H6	4	28	WT	16.751106	2.6531827
H6	4	28	WT	16.612165	4.3306866
H7	1	59	Null	12.208214	1.8749565
H7	1	59	Null	14.702486	5.354987
H7	1	59	Null	16.1206	2.775783
H7	1	59	Null	14.562936	4.425435
H7	1	59	Null	13.379521	1.722271
H7	1	59	Null	13.284372	3.1495037
H7	1	59	Null	16.204016	5.465237
H7	1	59	Null	13.080523	1.9282572
H7	1	59	Null	9.303882	3.4940639
H7	1	59	Null	16.272585	2.6313465
H7	1	59	Null	15.140921	1.6844499
H7	1	59	Null	11.876112	2.6675007
H7	1	59	Null	11.807519	5.2573247
H7	1	59	Null	11.269392	2.9037964
H7	2	59	Null	13.76019	2.6383777
H7	2	59	Null	9.023275	3.6875181
H7	2	59	Null	10.463211	3.6761334
H7	2	59	Null	13.531259	2.485527
H7	2	59	Null	14.093411	1.2844454
H7	2	59	Null	11.714519	2.1788497
H7	2	59	Null	15.3792095	4.8845577
H7	2	59	Null	13.789702	4.4032
H7	2	59	Null	11.932954	5.36575
H7	2	59	Null	13.986094	2.0319688
H7	2	59	Null	13.788325	1.8433475
H7	2	59	Null	13.674716	1.6672198
H7	3	59	Null	11.217139	2.8357098
H7	3	59	Null	12.781151	4.671666
H7	3	59	Null	12.5652275	3.8905883
H7	3	59	Null	15.444198	4.4352427
H7	3	59	Null	12.884645	2.1781578
H7	3	59	Null	13.011121	4.02422
H7	3	59	Null	13.020168	2.9086227
H7	3	59	Null	14.723261	4.2535653
H7	3	59	Null	12.346465	3.6059003
H7	3	59	Null	13.923816	4.9703016
H7	3	59	Null	11.892555	5.3705006
H7	3	59	Null	11.574685	3.1703408
H7	3	59	Null	12.408493	3.4686823
H7	3	59	Null	14.127319	2.2652617
H7	3	59	Null	14.649839	2.770594
H7	3	59	Null	14.310023	4.3708735
H7	3	59	Null	13.342598	4.2552185
H7	3	59	Null	12.12114	2.7722888
H7	3	59	Null	11.183349	2.065973
H7	4	59	Null	14.843474	4.7808867
H7	4	59	Null	13.94246	5.0638266
H7	4	59	Null	13.453736	5.0002804
H7	4	59	Null	13.3387575	4.534484
H7	4	59	Null	12.402671	4.1384015
H7	4	59	Null	12.249848	3.926717
H7	4	59	Null	13.543861	5.106916
H7	4	59	Null	12.157789	3.370848
H7	4	59	Null	14.439811	2.9974349
H7	4	59	Null	14.662774	5.467529
H7	4	59	Null	15.856831	5.7084613
H7	4	59	Null	14.696715	4.333053
H7	4	59	Null	14.331663	3.092278
H7	4	59	Null	9.668	3.4412308
H12	1	53	Null	11.66339	2.0884528
H12	1	53	Null	13.700315	4.16849
H12	1	53	Null	14.166677	4.529549
H12	1	53	Null	15.216647	2.5281067
H12	1	53	Null	13.955985	4.076919
H12	1	53	Null	11.086958	2.78246
H12	1	53	Null	9.078737	3.3302827
H12	1	53	Null	13.066979	3.643111
H12	1	53	Null	11.148158	4.000471
H12	1	53	Null	11.835063	5.275177
H12	1	53	Null	11.212433	4.1108966
H12	1	53	Null	11.315277	2.2387013
H12	1	53	Null	14.624211	3.5108876
H12	1	53	Null	13.2455	4.1232095
H12	1	53	Null	10.518678	2.2913678
H12	1	53	Null	9.113817	3.4532568
H12	1	53	Null	14.553393	4.59132
H12	1	53	Null	10.23539	2.5461233
H12	1	53	Null	14.032668	2.6657767
H12	2	53	Null	15.216833	3.3793566
H12	2	53	Null	12.937507	2.7600937
H12	2	53	Null	14.055268	3.5881703
H12	2	53	Null	10.675367	3.3354685
H12	2	53	Null	10.614948	2.9086065
H12	2	53	Null	15.267128	3.392133
H12	2	53	Null	16.507238	4.0710654
H12	2	53	Null	16.237812	2.0251234
H12	2	53	Null	15.746507	2.2089217
H12	2	53	Null	14.229411	1.5848643
H12	2	53	Null	12.924878	2.3329062
H12	3	53	Null	15.043436	3.2983594
H12	3	53	Null	14.165083	1.5263119
H12	3	53	Null	15.634689	3.4038887
H12	3	53	Null	15.527594	3.3165677
H12	3	53	Null	15.603254	4.63909
H12	3	53	Null	14.43277	4.979132
H12	3	53	Null	11.294463	2.5302956
H12	3	53	Null	14.964053	2.65696
H12	3	53	Null	14.948836	5.2251296
H12	3	53	Null	11.773497	3.7723532
H12	3	53	Null	12.401451	4.612139
H12	3	53	Null	13.447202	3.084426
H12	3	53	Null	11.219391	2.799431
H12	3	53	Null	9.174088	3.318001
H12	3	53	Null	12.770694	3.8339913
H12	4	53	Null	16.67241	4.344351
H12	4	53	Null	14.626597	1.8217093
H12	4	53	Null	12.392003	2.7892096
H12	4	53	Null	16.782331	4.931866
H12	4	53	Null	15.263711	3.6077683
H12	4	53	Null	14.176009	4.3794565
H12	4	53	Null	15.882268	4.4916205
H12	4	53	Null	15.901471	5.1964946
